system_id,batch,replicate,length_ns,variant,variant_class,dcd_filename,psf_filename,dcd_remote,psf_remote,notes
303-322_2,2,1,30,303-322,pair,303-322_2.dcd,step5_assembly_303_322.psf,/MANIA_WANIA_project/MD_trajectories/NaPi2b/Alina/dcd/303-322_2.dcd,/MANIA_WANIA_project/MD_trajectories/NaPi2b/Alina/psf/step5_assembly_303_322.psf,NAMD PSF/DCD; independent 30-ns trajectory; protein-only RIN analysis
303-328_2,2,2,30,303-328,pair,303-328_2.dcd,step5_assembly303-328.psf,/MANIA_WANIA_project/MD_trajectories/NaPi2b/Alina/dcd/303-328_2.dcd,/MANIA_WANIA_project/MD_trajectories/NaPi2b/Alina/psf/step5_assembly303-328.psf,NAMD PSF/DCD; independent 30-ns trajectory; protein-only RIN analysis
303-350_2,2,3,30,303-350,pair,303-350_2.dcd,step5_assembly303-350.psf,/MANIA_WANIA_project/MD_trajectories/NaPi2b/Alina/dcd/303-350_2.dcd,/MANIA_WANIA_project/MD_trajectories/NaPi2b/Alina/psf/step5_assembly303-350.psf,NAMD PSF/DCD; independent 30-ns trajectory; protein-only RIN analysis
303_2,2,4,30,303,single,303_2.dcd,step5_assembly303.psf,/MANIA_WANIA_project/MD_trajectories/NaPi2b/Alina/dcd/303_2.dcd,/MANIA_WANIA_project/MD_trajectories/NaPi2b/Alina/psf/step5_assembly303.psf,NAMD PSF/DCD; independent 30-ns trajectory; protein-only RIN analysis
322-328_2,2,5,30,322-328,pair,322-328_2.dcd,step5_assembly322-328.psf,/MANIA_WANIA_project/MD_trajectories/NaPi2b/Alina/dcd/322-328_2.dcd,/MANIA_WANIA_project/MD_trajectories/NaPi2b/Alina/psf/step5_assembly322-328.psf,NAMD PSF/DCD; independent 30-ns trajectory; protein-only RIN analysis
322-350_2,2,6,30,322-350,pair,322-350_2.dcd,step5_assembly322-350.psf,/MANIA_WANIA_project/MD_trajectories/NaPi2b/Alina/dcd/322-350_2.dcd,/MANIA_WANIA_project/MD_trajectories/NaPi2b/Alina/psf/step5_assembly322-350.psf,NAMD PSF/DCD; independent 30-ns trajectory; protein-only RIN analysis
322_2,2,7,30,322,single,322_2.dcd,step5_assembly322.psf,/MANIA_WANIA_project/MD_trajectories/NaPi2b/Alina/dcd/322_2.dcd,/MANIA_WANIA_project/MD_trajectories/NaPi2b/Alina/psf/step5_assembly322.psf,NAMD PSF/DCD; independent 30-ns trajectory; protein-only RIN analysis
328-350_2,2,8,30,328-350,pair,328-350_2.dcd,step5_assembly328-350.psf,/MANIA_WANIA_project/MD_trajectories/NaPi2b/Alina/dcd/328-350_2.dcd,/MANIA_WANIA_project/MD_trajectories/NaPi2b/Alina/psf/step5_assembly328-350.psf,NAMD PSF/DCD; independent 30-ns trajectory; protein-only RIN analysis
328_2,2,9,30,328,single,328_2.dcd,step5_assembly_328.psf,/MANIA_WANIA_project/MD_trajectories/NaPi2b/Alina/dcd/328_2.dcd,/MANIA_WANIA_project/MD_trajectories/NaPi2b/Alina/psf/step5_assembly_328.psf,NAMD PSF/DCD; independent 30-ns trajectory; protein-only RIN analysis
328tyr_2,2,10,30,328tyr,single,328tyr_2.dcd,step5_assembly328-tyr.psf,/MANIA_WANIA_project/MD_trajectories/NaPi2b/Alina/dcd/328tyr_2.dcd,/MANIA_WANIA_project/MD_trajectories/NaPi2b/Alina/psf/step5_assembly328-tyr.psf,NAMD PSF/DCD; independent 30-ns trajectory; protein-only RIN analysis
350_2,2,11,30,350,single,350_2.dcd,step5_assembly_350.psf,/MANIA_WANIA_project/MD_trajectories/NaPi2b/Alina/dcd/350_2.dcd,/MANIA_WANIA_project/MD_trajectories/NaPi2b/Alina/psf/step5_assembly_350.psf,NAMD PSF/DCD; independent 30-ns trajectory; protein-only RIN analysis
WT_2,2,12,30,WT,control,WT_2.dcd,step5_assembly_WT.psf,/MANIA_WANIA_project/MD_trajectories/NaPi2b/Alina/dcd/WT_2.dcd,/MANIA_WANIA_project/MD_trajectories/NaPi2b/Alina/psf/step5_assembly_WT.psf,NAMD PSF/DCD; independent 30-ns trajectory; protein-only RIN analysis
