"Frame","PC1","PC2","PC3","Sample","Region"
1,1.1144763751328,-0.820940696761123,1.01912351026865,"C303A","epitope"
2,1.83158234624488,0.402273115196564,0.227854587040912,"C303A","epitope"
3,0.910302563294503,-0.0276921671348356,-0.0385429284701696,"C303A","epitope"
4,1.21305068953813,-0.453608470833603,0.414225135179567,"C303A","epitope"
5,1.84359324892023,0.456489920202716,0.26235842664615,"C303A","epitope"
6,2.20348470446664,-0.598372245343059,0.50270126370237,"C303A","epitope"
7,0.877382114246753,0.846570161104617,-0.539567235300258,"C303A","epitope"
8,1.54448161152942,-0.745172237086426,0.712548371044838,"C303A","epitope"
9,1.79611225805958,-1.12585035183084,0.693298392139981,"C303A","epitope"
10,1.90064501582973,-1.15973251826283,0.43812050632308,"C303A","epitope"
11,2.24295349814312,-0.950618502061532,0.811937053796125,"C303A","epitope"
12,1.91518821694435,-0.299140457017983,0.568714604679449,"C303A","epitope"
13,1.48473151016714,-0.583452094388957,0.526079269319348,"C303A","epitope"
14,1.52712444910398,-0.319581801330909,-0.0843805763065161,"C303A","epitope"
15,0.6983906394469,0.389001262673439,-0.619990637502375,"C303A","epitope"
16,1.98992699584799,-0.0473620171562182,-0.713220632359164,"C303A","epitope"
17,1.72196413776553,0.314011635476181,-0.842812801059782,"C303A","epitope"
18,1.00601364905767,0.533226993518806,-0.590375162254749,"C303A","epitope"
19,0.863317478515772,-0.26656983027434,-0.252158398820622,"C303A","epitope"
20,1.14979286019379,-0.567478293284865,-0.320155914113787,"C303A","epitope"
21,1.12337199606389,-0.363010741348452,-0.283318421970343,"C303A","epitope"
22,2.07333312644634,-0.559134149876215,-0.0993396765294611,"C303A","epitope"
23,0.829843513772835,1.166966730742,-0.932109698000475,"C303A","epitope"
24,0.933827031605072,0.615391509068688,-0.553388599961778,"C303A","epitope"
25,1.73110094684519,0.165038587455976,0.151910945850015,"C303A","epitope"
26,1.12812603957793,-0.702392329965639,0.405687036534308,"C303A","epitope"
27,1.41132409003464,-0.282086683547915,-0.5413908328049,"C303A","epitope"
28,1.30504060732539,0.128711522024771,-0.444118374276002,"C303A","epitope"
29,1.07876948548702,-0.245365187092388,-0.341179061139285,"C303A","epitope"
30,0.948119917923471,0.373291991215952,-0.0130191857590341,"C303A","epitope"
31,1.67493249290096,0.395321477205513,-0.153537003410456,"C303A","epitope"
32,1.72895954990149,1.43400218086322,-0.115437416424248,"C303A","epitope"
33,1.77720290326498,0.52068058221662,-0.785647625484385,"C303A","epitope"
34,1.78525868671824,-0.338711312024268,0.3031888539583,"C303A","epitope"
35,1.55145227187336,-1.23799126524771,-0.00901758952125888,"C303A","epitope"
36,1.48211822196768,0.110782797217677,-0.00451225042653813,"C303A","epitope"
37,2.53326310754083,1.41602762764342,-0.925099576816101,"C303A","epitope"
38,2.27305032468109,-1.03440021933951,-0.0386552574883546,"C303A","epitope"
39,1.76378385698187,-0.371525413569853,0.133369971020271,"C303A","epitope"
40,2.24899025772311,-0.388374476298144,-0.276978287279712,"C303A","epitope"
41,1.57516578770055,-0.808154834297664,-0.296138307814563,"C303A","epitope"
42,1.43454403572942,0.310353582675861,-0.427880124031707,"C303A","epitope"
43,1.55430012090856,0.731113877130097,-0.533170110942443,"C303A","epitope"
44,1.77266874173267,-0.627113669663854,0.00750919615760166,"C303A","epitope"
45,1.16878303894629,-0.210898448986157,-0.0228926966145418,"C303A","epitope"
46,1.62980110277022,-0.610847071033411,0.469238806079515,"C303A","epitope"
47,1.08756331362631,-0.662376255248523,0.0165879050112001,"C303A","epitope"
48,1.40742534714736,0.545653917938845,-0.92770087400929,"C303A","epitope"
49,1.43637867984479,-0.598856508476486,-0.0839902584925144,"C303A","epitope"
50,1.01215204793117,0.251087203032884,-0.737245921145866,"C303A","epitope"
51,0.64789570264862,0.393074105945001,0.279123554138217,"C303A","epitope"
52,1.31941065344622,1.00073213568,-0.486672171363008,"C303A","epitope"
53,1.16440251447295,0.59956073209877,-0.429268433140553,"C303A","epitope"
54,1.155201326292,-0.374390930656323,-0.649381645879708,"C303A","epitope"
55,1.13914944126336,0.514341171751395,-0.400873177458067,"C303A","epitope"
56,0.555285535612007,0.0816401784833766,0.214514130378429,"C303A","epitope"
57,0.72186880465966,0.445975979669752,-0.250285991968924,"C303A","epitope"
58,0.912074780600816,-0.575831585452289,-0.00680981887296732,"C303A","epitope"
59,1.63243831178459,-0.0939733604445518,-0.0148527516593849,"C303A","epitope"
60,1.11205437366139,-0.259607180802071,0.266667950621471,"C303A","epitope"
61,1.67200115164699,-0.61173312956365,-0.839503482577687,"C303A","epitope"
62,1.26998576445096,-0.0418985040820795,-0.257133275694899,"C303A","epitope"
63,2.23107377183777,0.111834153729087,-0.599610146464674,"C303A","epitope"
64,1.48562176387877,-0.68407364148171,0.488298233236621,"C303A","epitope"
65,1.7939767840297,1.71514091206992,-0.711520149489631,"C303A","epitope"
66,1.56808935852833,1.97650556847076,-0.389646978596559,"C303A","epitope"
67,0.630746300344988,1.43236622125702,-0.756681247783224,"C303A","epitope"
68,0.806832306603611,1.23631194864747,-0.923333284414593,"C303A","epitope"
69,1.29633665413778,0.577906551859555,-0.646121273177694,"C303A","epitope"
70,1.65771810016189,0.400439062909011,-0.488291526751078,"C303A","epitope"
71,1.43911013644619,0.904648028035793,-1.13874523982801,"C303A","epitope"
72,2.28090128978041,1.09203643176732,-0.41319242934768,"C303A","epitope"
73,1.58647939039316,0.818019428342729,-0.680548788696177,"C303A","epitope"
74,2.01645206715222,1.23877896382645,-1.05296145196363,"C303A","epitope"
75,0.724597079851205,0.87724704506743,-0.497560139949739,"C303A","epitope"
76,1.07406233722819,0.21265901988452,-0.609130932725976,"C303A","epitope"
77,0.135393823905253,1.20527184877652,-0.84665014271437,"C303A","epitope"
78,1.07619533439787,0.628486709932551,-0.159580120432131,"C303A","epitope"
79,0.506905697475646,0.336315932686227,-0.831810672394955,"C303A","epitope"
80,1.31297714974158,-0.210269108683758,-0.551307198365016,"C303A","epitope"
81,0.607888953152336,0.898299942058509,-0.308938932098628,"C303A","epitope"
82,1.20547499943076,0.758716368065257,-0.780998872571143,"C303A","epitope"
83,1.68546079668141,0.150163410158651,-0.0217907796934825,"C303A","epitope"
84,0.846200963055293,-0.625270937881643,0.78923829830921,"C303A","epitope"
85,0.722726251148792,-1.22303188527977,0.116371642672667,"C303A","epitope"
86,1.16207157832775,-1.26586894728206,0.174522998330094,"C303A","epitope"
87,0.714132677403596,-0.0540281420135934,0.114633414294265,"C303A","epitope"
88,1.08811072240072,-0.773858256290018,1.01789622211594,"C303A","epitope"
89,0.392509341901563,-0.15212190767819,0.140745331063663,"C303A","epitope"
90,1.21167313074103,-1.10283419938415,0.711504326131578,"C303A","epitope"
91,1.22055176428058,-0.423646678999188,0.298686868133104,"C303A","epitope"
92,0.909128269407665,0.630904074492372,-0.0995542451516888,"C303A","epitope"
93,1.46422547277348,-0.976532099650454,-0.046340854819408,"C303A","epitope"
94,1.98372167646839,-0.300052802307927,0.229632635948995,"C303A","epitope"
95,1.29812269667718,-0.85139811188228,0.61205022077172,"C303A","epitope"
96,1.28467405498853,-0.789850443317107,0.705279291541732,"C303A","epitope"
97,1.43291586245079,-0.0314721653097805,0.312699416441831,"C303A","epitope"
98,1.93856757931072,-1.00822675570644,0.663241383602142,"C303A","epitope"
99,1.38185757084848,-1.27306877382215,0.599280192811738,"C303A","epitope"
100,0.951522262906662,-0.559408349091585,0.10078868762071,"C303A","epitope"
101,0.939076505404198,-0.686566725958722,0.0655930864644232,"C303A","epitope"
102,0.970348504843674,-0.810594197671939,0.595381768951742,"C303A","epitope"
103,1.12064311815905,0.330858727485565,-0.342660915419536,"C303A","epitope"
104,0.155409066964372,0.128091785134137,0.109983668426672,"C303A","epitope"
105,1.01895346478433,-0.155681169860334,0.489135302805811,"C303A","epitope"
106,0.906625587884216,-0.0476551651842517,0.37891127042112,"C303A","epitope"
107,0.76621782924592,0.279944587730423,0.0598369949788876,"C303A","epitope"
108,0.607286190079738,-0.533848478515246,0.216647154645531,"C303A","epitope"
109,1.39714239387356,-1.15090778157422,0.33957621324869,"C303A","epitope"
110,0.815178864422158,-2.9537828129679,0.153366584036687,"C303A","epitope"
111,1.07938755303968,-0.961518993184816,0.355401695705836,"C303A","epitope"
112,1.09357594685618,-0.822864905668634,0.117767219468868,"C303A","epitope"
113,1.13050906316282,-1.55846551274424,0.200997885364433,"C303A","epitope"
114,0.785721381353526,-0.491204924674964,-0.378467494595849,"C303A","epitope"
115,1.06962155765938,-0.031745581082996,-0.151229651943952,"C303A","epitope"
116,1.28588486618924,0.0382027517353672,-0.228850583560549,"C303A","epitope"
117,1.10065431804738,-0.677036965969741,0.303458870474404,"C303A","epitope"
118,1.23749870527953,-0.0119967171069622,0.172320934387503,"C303A","epitope"
119,1.04418386781547,-1.13410323636319,0.41214515829123,"C303A","epitope"
120,1.51961869303391,-0.506134800690131,0.639412639076807,"C303A","epitope"
121,1.73106319555793,-0.326670264983868,0.360006532980038,"C303A","epitope"
122,1.38446770375109,0.0192385914448074,-0.356021186951642,"C303A","epitope"
123,1.41398732743549,-1.96373797910002,0.457855347642196,"C303A","epitope"
124,0.808377121469429,-0.790851861723954,0.887695106893441,"C303A","epitope"
125,1.87823867752275,-1.06688697727009,0.380160677453303,"C303A","epitope"
126,1.2450399599524,-0.898574818449395,0.721818619172549,"C303A","epitope"
127,1.27645136994449,0.247778773059188,-0.276194867547516,"C303A","epitope"
128,1.38896198357389,0.072978422770373,0.261014549827225,"C303A","epitope"
129,1.21534882135111,-0.555355856857317,-0.682164635329727,"C303A","epitope"
130,1.74428184331527,0.627069058222907,-0.810954203204607,"C303A","epitope"
131,1.29348093923892,0.243382294991248,-1.12609532119742,"C303A","epitope"
132,0.896172573115725,0.279863071507204,-0.704790394156112,"C303A","epitope"
133,1.65752852393982,0.13946677280513,-0.0715972786660795,"C303A","epitope"
134,0.966742171272532,0.0561731541055982,0.128860942714282,"C303A","epitope"
135,1.11233245234039,-0.163011362216023,-0.438073652316485,"C303A","epitope"
136,1.52190921211928,-0.554975696597091,0.178564113996622,"C303A","epitope"
137,1.47205617171802,-0.119910896930992,-0.0437475388957455,"C303A","epitope"
138,1.54547062133001,-0.0886876151826719,-0.241389921523943,"C303A","epitope"
139,1.71024036469728,-0.582318249169739,-0.0919773280847099,"C303A","epitope"
140,1.47662838795655,-0.641963684628977,0.199767128271961,"C303A","epitope"
141,1.00853906536381,0.633481209610996,-0.36690482995904,"C303A","epitope"
142,1.24460978956754,-0.560810823221842,-0.320720352811907,"C303A","epitope"
143,2.03327222945263,-0.621027551934758,0.0347290319445642,"C303A","epitope"
144,1.42635032808439,-0.00411711956805383,-0.577660430511829,"C303A","epitope"
145,0.731440366798077,-0.538463236095248,-0.569360561582397,"C303A","epitope"
146,1.35690309713996,-1.48141960099549,-0.284474763386184,"C303A","epitope"
147,1.71380452524485,0.0827805770972951,-0.241118445286166,"C303A","epitope"
148,1.34011088211055,-0.505228720135561,-0.122096422501642,"C303A","epitope"
149,1.30873095972427,0.17665409225575,0.067560401889045,"C303A","epitope"
150,0.849127291823088,0.25943446446485,-0.768868339880224,"C303A","epitope"
151,0.293312491545582,0.373789956300186,-0.919929739310336,"C303A","epitope"
152,0.728723646121805,0.237060929409292,-0.574916218966716,"C303A","epitope"
153,1.22197591028149,0.592314774587611,-0.721773912079986,"C303A","epitope"
154,1.66332278653408,0.970576399190188,-0.86600786529527,"C303A","epitope"
155,-0.0927820347237647,0.779257026138641,-0.726264660456244,"C303A","epitope"
156,1.53267394808529,0.81464966022423,-0.900934074076776,"C303A","epitope"
157,1.03773605887074,0.606654876005513,-1.08251832258699,"C303A","epitope"
158,1.4014820895168,0.399999535740482,-0.468547158919354,"C303A","epitope"
159,1.55674241073345,1.76915179147786,-0.966583352980513,"C303A","epitope"
160,1.34274826986176,-0.160270507611872,0.189970507967834,"C303A","epitope"
161,2.0691184329037,0.117051352328636,0.644536830108889,"C303A","epitope"
162,1.83353307616455,-0.0367682288605538,1.11628730786053,"C303A","epitope"
163,0.740484869839176,-0.023659261480582,0.54514241531946,"C303A","epitope"
164,0.326953910234074,-1.28636559149937,0.148048298729252,"C303A","epitope"
165,0.0102409966352389,-1.37761892527806,-0.823640290176562,"C303A","epitope"
166,-0.776654652478302,-1.51133131837868,-0.293522941807488,"C303A","epitope"
167,-0.208981341600539,-1.9526580556135,-0.526486164788449,"C303A","epitope"
168,-0.63405314817999,-1.73198950400233,-0.435452778029748,"C303A","epitope"
169,-0.0973615134709441,-1.48916261132446,-0.0456361077268422,"C303A","epitope"
170,0.00396794453089298,-1.62320125458944,-0.0936997930290504,"C303A","epitope"
171,-0.311682488883807,-1.39365260806616,-0.57891280074679,"C303A","epitope"
172,0.335850259110769,-1.09549669301503,0.365096389423306,"C303A","epitope"
173,-0.460167883334483,-0.795163148002038,-0.619498439307943,"C303A","epitope"
174,-0.836500435518267,-0.345386368879194,-0.875933158197834,"C303A","epitope"
175,-0.460600789011161,-0.141893025617445,0.192483268243199,"C303A","epitope"
176,-1.8570107627952,-0.0403263441936083,0.0558870963079948,"C303A","epitope"
177,-1.3123619753984,1.04358607238284,1.1464027879785,"C303A","epitope"
178,-1.53995991095125,1.56531797025935,1.07546276436068,"C303A","epitope"
179,-0.917963831675051,1.57060975583395,1.17022142393389,"C303A","epitope"
180,-1.63353810859668,0.0298461351457475,0.409327783039119,"C303A","epitope"
181,-0.976354165246695,-0.248637442588677,0.537851592499962,"C303A","epitope"
182,-0.168053543458971,0.968373159985445,0.480782961106399,"C303A","epitope"
183,-1.07520610262912,-0.647044382228596,0.609800892688158,"C303A","epitope"
184,-1.64551495160844,-0.110222057207689,0.319468416365068,"C303A","epitope"
185,-1.48213688700433,-0.626032553292479,0.423086678424676,"C303A","epitope"
186,-1.26224083567758,-0.475881643466436,0.405214065746304,"C303A","epitope"
187,-1.53429556902594,0.641470015157604,0.634772985699805,"C303A","epitope"
188,-1.61566216349617,-1.08950490035843,1.0042472659503,"C303A","epitope"
189,-1.29748581694319,-0.376637202979953,0.936671720079083,"C303A","epitope"
190,-1.33529769824303,-0.792538583793008,1.2208045351552,"C303A","epitope"
191,-1.82579488036495,0.135704549433291,1.21404078880996,"C303A","epitope"
192,-1.79283791183861,-1.19719448197216,1.70036286568668,"C303A","epitope"
193,-1.15253667808976,1.00860373430434,1.37450372002035,"C303A","epitope"
194,-0.234315934251942,0.77176304438956,1.04856412454726,"C303A","epitope"
195,-0.667461777381903,0.971281951985836,1.40675000569492,"C303A","epitope"
196,-1.05238224136992,0.287068032010978,1.07926638626939,"C303A","epitope"
197,-1.08142424841447,0.517852060961765,1.13966053721653,"C303A","epitope"
198,-1.00688012441257,-1.1297225432938,1.17642667204015,"C303A","epitope"
199,-1.38604102257506,-1.44312175780772,0.77143790749391,"C303A","epitope"
200,-1.59670329098706,-2.26408402868669,0.803340057944152,"C303A","epitope"
201,-1.35839158678275,-2.02703541929819,-0.110847879023539,"C303A","epitope"
202,-1.43673881219797,-1.4444841986658,-0.2474227441788,"C303A","epitope"
203,-1.10123685936671,-1.97780287247677,0.891903567769571,"C303A","epitope"
204,-1.63995567274352,-1.71332974052832,0.24621506915855,"C303A","epitope"
205,-1.26553548576582,-0.110105393172848,0.716798205835395,"C303A","epitope"
206,-0.479471275658655,-1.56851143837831,1.24884125477818,"C303A","epitope"
207,-0.269647350615745,-1.84946221032889,1.54951586108746,"C303A","epitope"
208,-0.349321523788674,-1.77112185852664,0.760338326810251,"C303A","epitope"
209,-0.246953058646675,-2.05758207979851,0.403551967748237,"C303A","epitope"
210,-0.18291231840926,-2.06703153431018,0.0289700354104153,"C303A","epitope"
211,0.417742185979697,-1.78062349824518,0.774575467491533,"C303A","epitope"
212,0.188068322502302,-2.59143852301521,1.04167958946475,"C303A","epitope"
213,-0.617516872037358,-2.77333200546909,1.36554829936868,"C303A","epitope"
214,0.0363904653005623,-1.93507062818689,-0.395191496237589,"C303A","epitope"
215,-0.218273874118291,-2.82050149744333,0.700523813879168,"C303A","epitope"
216,0.48326197927926,-2.21151290099124,-0.0652782352073003,"C303A","epitope"
217,0.0108754758992665,-1.3854130509299,0.628417580314589,"C303A","epitope"
218,-0.0215855954512702,-1.70207344892627,0.0766460849266334,"C303A","epitope"
219,0.599781968857243,-2.17818361914254,0.443474267165448,"C303A","epitope"
220,0.187929912655257,-1.76641943319566,0.373623493854922,"C303A","epitope"
221,0.0826980500740289,-1.94387069018607,-0.289843869828957,"C303A","epitope"
222,-0.793236254341821,-0.520975028052871,0.86240933638751,"C303A","epitope"
223,-0.201645677795267,-2.38983540857022,0.809514849864557,"C303A","epitope"
224,-0.759633752884825,-0.627832310125076,0.855124835551405,"C303A","epitope"
225,-0.45384811766834,0.129625322924287,0.323433278496482,"C303A","epitope"
226,-0.699911634860087,0.482251755987042,0.116294361289081,"C303A","epitope"
227,-1.36768591222131,-0.948087300596952,0.311528327661048,"C303A","epitope"
228,-1.15426884787882,-0.794189004920356,-0.271027597577105,"C303A","epitope"
229,-2.42582845491592,-1.58465876763583,0.0536533337503265,"C303A","epitope"
230,-1.10735078949641,-1.99753182563415,0.64989845025751,"C303A","epitope"
231,-2.27987048897673,-0.445811675659772,-0.0284952032565784,"C303A","epitope"
232,-1.88276359821568,1.01932875884406,1.4688270917795,"C303A","epitope"
233,-2.46429566511653,1.11859360212135,0.939879231105015,"C303A","epitope"
234,-3.41190033655286,-0.519251094664408,0.0587119232782398,"C303A","epitope"
235,-2.34126696451267,0.0150711920007376,-0.294413567945052,"C303A","epitope"
236,-2.8316394771959,0.951044431480339,0.287702764448354,"C303A","epitope"
237,-3.03563950735472,1.25620058061388,-0.534416251994795,"C303A","epitope"
238,-2.3845448375251,0.748970250421084,0.194840136929042,"C303A","epitope"
239,-2.32382330413706,0.704350868616504,0.496095803782609,"C303A","epitope"
240,-2.15836385165364,0.685034823431657,0.312376288663715,"C303A","epitope"
241,-2.20262235505906,0.448829082049583,0.103835952225357,"C303A","epitope"
242,-2.2055876016826,0.446858951060837,0.888218908099124,"C303A","epitope"
243,-1.76786257132396,1.24204862552239,0.688952068731385,"C303A","epitope"
244,-2.13895823244707,0.402790444700989,0.933173609714004,"C303A","epitope"
245,-1.26444973119056,-0.26977538192719,0.188294317551896,"C303A","epitope"
246,-2.0749709213959,1.15667639381167,-0.0981039927719328,"C303A","epitope"
247,-2.72779369648146,1.015223316116,0.262543793308426,"C303A","epitope"
248,-2.8253967200382,0.739911373951914,0.513230659063746,"C303A","epitope"
249,-2.30539203944081,-0.137211589615188,0.10362110024551,"C303A","epitope"
250,-1.72812891816045,0.472815479442703,-0.36715361113641,"C303A","epitope"
251,-0.961253335169413,1.21165378939012,0.404999294201833,"C303A","epitope"
252,-1.83703777835103,0.391224531437298,1.11316188974383,"C303A","epitope"
253,-2.55915708250262,1.53293709888959,-0.426638995599219,"C303A","epitope"
254,-0.884342036735356,-0.800201924470476,0.574119886618036,"C303A","epitope"
255,-0.88924347740775,0.068312982259632,0.939538559902463,"C303A","epitope"
256,-1.10383781978511,0.272306726715507,0.94533800090119,"C303A","epitope"
257,-0.996101033040136,0.401437072114949,0.941439365133944,"C303A","epitope"
258,-0.655720921579179,-0.223921076597987,0.909885539273803,"C303A","epitope"
259,-0.621461283591471,-0.00104348811267174,0.924677108790459,"C303A","epitope"
260,-1.09819489716549,0.378405982983165,1.37724099343467,"C303A","epitope"
261,-0.95615008605776,1.20138133062153,1.47314720034663,"C303A","epitope"
262,0.100931006114138,0.294100632085494,0.769695277290274,"C303A","epitope"
263,-0.99062367957162,0.331148896482811,0.37875950742735,"C303A","epitope"
264,-1.8456071026066,0.468111811139679,0.50292920112632,"C303A","epitope"
265,-1.43093271289027,0.162007165752319,0.342428320372866,"C303A","epitope"
266,-1.55133471886706,-0.113683671207073,0.0231092830576779,"C303A","epitope"
267,-0.934031623490652,1.07547026296107,1.10209331751935,"C303A","epitope"
268,-1.28273480602519,-0.176961168429117,0.58384597478799,"C303A","epitope"
269,-1.19996693609435,-0.754119757102745,1.0691761007458,"C303A","epitope"
270,-1.19526092764847,-0.110089756456311,-0.326564762746507,"C303A","epitope"
271,-2.33302161465344,-0.0341901254973734,0.150098286697454,"C303A","epitope"
272,0.0753660331518301,1.12094162339856,1.50746838344515,"C303A","epitope"
273,-0.00757630385234915,1.96211647540587,0.713643413797715,"C303A","epitope"
274,0.394100426550667,1.39612355758489,0.860913567116482,"C303A","epitope"
275,0.532923396110284,2.50654223515747,2.43604496781756,"C303A","epitope"
276,1.01728928697268,2.27846926377803,2.36325827462578,"C303A","epitope"
277,-0.788801359049716,1.52100935976193,1.76562368454254,"C303A","epitope"
278,-0.0545301745094608,2.18762713667231,1.04512188067138,"C303A","epitope"
279,-0.576526164842829,2.93051806078361,1.89268453865095,"C303A","epitope"
280,-2.78156643781694,1.95851350679166,0.217758170670779,"C303A","epitope"
281,-4.40407257354686,1.26141351338089,0.679777146988912,"C303A","epitope"
282,-2.13345712045801,0.533988797157041,1.13500416655647,"C303A","epitope"
283,-1.77906116416658,-0.434643282441352,-0.72436526733914,"C303A","epitope"
284,-2.00677305188588,1.08429497058326,-1.05653300695805,"C303A","epitope"
285,-2.47267978088311,0.0877849018175461,0.333357628102508,"C303A","epitope"
286,-2.07814177480839,0.453369005779689,-0.552276760150361,"C303A","epitope"
287,-0.792786309085237,1.10224224243752,-1.36726464032339,"C303A","epitope"
288,-2.19557672754376,0.819392945919373,0.117394991387826,"C303A","epitope"
289,-2.47794663340613,-0.978303514136856,0.017813519507772,"C303A","epitope"
290,-1.43720356650188,-0.0201765977695413,0.584437554446677,"C303A","epitope"
291,-2.12526465691761,0.012217326447195,0.358404291985226,"C303A","epitope"
292,-1.54526557553181,0.30750268652914,-0.640684973049291,"C303A","epitope"
293,-1.70461596313146,-1.77652246024066,-0.729574830861251,"C303A","epitope"
294,-1.76096655400668,0.338851265701332,0.205415597194732,"C303A","epitope"
295,-1.83688020148695,0.649633708938032,0.207770512999628,"C303A","epitope"
296,-1.71645543113181,0.887539707433636,-1.29366623356451,"C303A","epitope"
297,-2.3350403008281,-1.58250184397775,-3.23348387558668,"C303A","epitope"
298,-1.79362811920065,-0.732172259236438,-2.19937506603732,"C303A","epitope"
299,-2.14363170098265,-1.02908939762672,-1.61929439683905,"C303A","epitope"
300,-1.92406417624176,-0.627001778281433,0.568243864278225,"C303A","epitope"
301,-2.08940050690883,-0.217960401448096,0.329475695042387,"C303A","epitope"
302,-1.27894780382941,0.12228820905345,0.841739152563915,"C303A","epitope"
303,-1.89304042778002,0.0962234835240396,0.0557071714197511,"C303A","epitope"
304,-2.06776988544653,0.388106250731266,-0.755372347370754,"C303A","epitope"
305,-2.41059373430396,1.30547414484254,-0.236077017431804,"C303A","epitope"
306,-3.17335479601075,0.739523538064268,-0.727517854154459,"C303A","epitope"
307,-2.45948572432945,-0.327455125408841,-1.58150159176909,"C303A","epitope"
308,-1.5682746891497,-0.36407501341899,-0.983696086778114,"C303A","epitope"
309,-1.92389312785885,-1.20914288592811,-2.0078529131923,"C303A","epitope"
310,-1.54930182310009,0.107872715472447,-2.08773940934805,"C303A","epitope"
311,-2.14452949529454,0.0435929868504664,-1.87250005033169,"C303A","epitope"
312,-2.06410885366064,0.432578946559879,-2.44788361202754,"C303A","epitope"
313,-1.68407778195807,-3.13209399317674,-0.49886739105681,"C303A","epitope"
314,-1.63079699868581,-1.66206088160253,-0.821687172875227,"C303A","epitope"
315,-2.3001880352275,0.641725824853329,-0.623426779454515,"C303A","epitope"
316,-2.78431507362007,-0.439933267147651,-0.363285066170119,"C303A","epitope"
317,-2.4701811272091,-0.421047132593049,-0.62490315641852,"C303A","epitope"
318,-1.41480186993029,-1.50719036906035,-1.64967581710152,"C303A","epitope"
319,-1.49803743380547,-0.754967738952857,-0.856438822878639,"C303A","epitope"
320,-1.62988203310618,-0.967189134021554,-2.0478036026051,"C303A","epitope"
321,-1.24749224922907,-0.183007976361171,-1.22949376324492,"C303A","epitope"
322,-1.19885230143736,-2.08856587583282,-1.12589836142253,"C303A","epitope"
323,-0.985423352423173,-0.309649590380886,-0.932059433513549,"C303A","epitope"
324,-0.664089780892386,-0.343381163598008,-2.00898250935566,"C303A","epitope"
325,-1.79741028108343,0.171141168321258,-0.809187296734815,"C303A","epitope"
326,-2.27626107501092,0.803349695304589,-1.51263999843594,"C303A","epitope"
327,-1.98940525440967,0.389177417700954,-1.55029815630419,"C303A","epitope"
328,-2.9558838307772,0.679899739073562,-1.22335435099055,"C303A","epitope"
329,-3.52970320328112,0.795449821894195,0.469933282163858,"C303A","epitope"
330,-3.66742494976647,1.07201055192256,-0.660637743522777,"C303A","epitope"
331,-3.16811641066356,1.28020690642159,-0.827043937779101,"C303A","epitope"
332,-1.85234345505457,0.95336463427422,-0.589325958885785,"C303A","epitope"
333,-2.32133242869166,-1.2298323879383,-0.827250801175757,"C303A","epitope"
334,-2.73393461777047,1.06972943089314,-0.480959365735712,"C303A","epitope"
335,-3.24619549586348,-0.396490089018275,-0.550790147124733,"C303A","epitope"
336,-2.66721239001784,-0.555443686650584,-0.882701678860416,"C303A","epitope"
337,-1.2522754507885,-0.346002634618534,-0.289080638085695,"C303A","epitope"
338,-1.83916372893344,0.335859752514924,-1.17015373056924,"C303A","epitope"
339,-1.95563896675144,0.590060188705638,-1.49496640735233,"C303A","epitope"
340,-1.28998972687987,-0.234453854771465,-0.759261428806952,"C303A","epitope"
341,-0.831688096340848,-0.255038181169175,-0.406753612720185,"C303A","epitope"
342,-0.808261321894279,-1.57391481875727,-1.31438425111596,"C303A","epitope"
343,-0.181345520367409,0.284607120490989,-0.22936897312279,"C303A","epitope"
344,-0.158120234095025,0.430504950070317,-0.505015027667516,"C303A","epitope"
345,-1.13116143648397,0.89631487439089,-1.29012801707786,"C303A","epitope"
346,-0.313102760521945,-1.68154318994739,0.177719979235566,"C303A","epitope"
347,0.392875393272884,-1.74541215781835,0.385006892595266,"C303A","epitope"
348,-0.58863982890809,-0.664092051945944,-0.52212294589246,"C303A","epitope"
349,-0.111687078259287,-0.341200748225544,-0.652657831289656,"C303A","epitope"
350,-0.353642187282469,-0.828658215988146,-0.219589729411051,"C303A","epitope"
351,0.316686529004556,-0.279161933327152,1.18028023846049,"C303A","epitope"
352,-0.96449438802746,0.0475435136642528,0.112896332672444,"C303A","epitope"
353,-0.760258610268392,-0.674420477482688,1.19915685265297,"C303A","epitope"
354,-0.901092741078612,0.158045921934453,0.595266598551734,"C303A","epitope"
355,-0.844057663288417,0.471070795396949,0.573377692609392,"C303A","epitope"
356,-0.543394204217378,0.0643875750720627,0.309080226761353,"C303A","epitope"
357,0.167877404469736,0.722769969948964,2.11963577823702,"C303A","epitope"
358,-0.107734962061988,2.02375822055771,2.05214432470992,"C303A","epitope"
359,-0.650961751186992,3.03732860112466,0.82714776004024,"C303A","epitope"
360,-0.0641337399791288,1.76324939812821,1.42195285276307,"C303A","epitope"
361,-0.406154971340237,1.30822814710238,0.878451344686741,"C303A","epitope"
362,-0.94431212764552,3.04594838128537,-0.169204296256524,"C303A","epitope"
363,-0.339502986766662,2.61763234209938,0.697371561169088,"C303A","epitope"
364,-0.150418566177891,3.21279444391311,0.235790664466347,"C303A","epitope"
365,0.0951570491276924,2.34223066004039,0.190602197279537,"C303A","epitope"
366,0.386564757593257,3.16598332013249,0.945210121431343,"C303A","epitope"
367,0.777540199179841,3.04506793477645,0.162384905514019,"C303A","epitope"
368,0.848898159498468,2.24719508219534,0.469325455267023,"C303A","epitope"
369,0.29577585907072,-1.03400312593711,-1.62472989653882,"C303A","epitope"
370,0.61474976160829,0.197780771362931,-1.05219447481998,"C303A","epitope"
371,-0.11472699501756,1.35653875556227,0.616367847071769,"C303A","epitope"
372,1.42245337883881,1.62807680785586,-0.0737078178665638,"C303A","epitope"
373,1.45688186838239,0.320679842093508,0.469586197922063,"C303A","epitope"
374,1.27972912407099,1.1789897333147,-0.206992205299507,"C303A","epitope"
375,1.21861466562086,1.37842883031241,-0.709138008322053,"C303A","epitope"
376,0.989161224981111,2.15552784812029,-0.317133007234651,"C303A","epitope"
377,2.00060528342222,1.98252802964499,-0.558925656640781,"C303A","epitope"
378,1.44801593211015,1.46133095487081,-0.144702569968033,"C303A","epitope"
379,2.01005745547975,1.65347040002329,-0.115998933485388,"C303A","epitope"
380,1.95681386497986,2.859768076081,-1.01173230160094,"C303A","epitope"
381,1.93840352391914,1.4802842825171,0.252558210733543,"C303A","epitope"
382,2.07306996590402,0.58273034991419,0.281083483172043,"C303A","epitope"
383,1.44088993853055,1.33217070147879,-0.149649892404161,"C303A","epitope"
384,1.49970375473968,1.75036390294349,-1.24481642364524,"C303A","epitope"
385,1.46417681228891,2.44817710433278,-0.773098249666633,"C303A","epitope"
386,1.16355594722009,2.83002862570189,-0.906017447402019,"C303A","epitope"
387,1.44114330045167,2.00513223675467,-0.662281033145586,"C303A","epitope"
388,1.4899868882545,0.724187656691312,0.210899141127254,"C303A","epitope"
389,1.37618973677355,-0.651754668976511,0.260180109746882,"C303A","epitope"
390,1.82195390958069,-1.55675356021102,0.244933613366764,"C303A","epitope"
391,1.16702788385305,-0.458204688046453,0.506671979385855,"C303A","epitope"
392,1.41265684050862,0.384472329433857,-0.144024827514207,"C303A","epitope"
393,1.5286086822265,0.160161549950622,0.105411662296469,"C303A","epitope"
394,1.22880753823213,-0.384767119760203,0.335119058711137,"C303A","epitope"
395,1.43381305695985,-0.0757081469571002,-0.437630889165826,"C303A","epitope"
396,1.35438942899959,1.01718038315183,-0.329113415290474,"C303A","epitope"
397,1.1157421800964,0.298770908138727,-0.572319830626582,"C303A","epitope"
398,1.88379623966983,-0.992359716154015,-0.650218121121294,"C303A","epitope"
399,1.17775345865632,-0.823149134088876,-0.396230979464974,"C303A","epitope"
400,1.54151592173646,-0.756330163752988,-0.33073272517741,"C303A","epitope"
